SCC: ,SCC Descriptions: ,Deaths from NH3 to TotalPop,Deaths from NOX to TotalPop,Deaths from PM25-PRI to TotalPop,Deaths from SO2 to TotalPop,Deaths from VOC to TotalPop,Deaths from NH3 to WhiteNoLat,Deaths from NOX to WhiteNoLat,Deaths from PM25-PRI to WhiteNoLat,Deaths from SO2 to WhiteNoLat,Deaths from VOC to WhiteNoLat,Deaths from NH3 to Black,Deaths from NOX to Black,Deaths from PM25-PRI to Black,Deaths from SO2 to Black,Deaths from VOC to Black,Deaths from NH3 to Native,Deaths from NOX to Native,Deaths from PM25-PRI to Native,Deaths from SO2 to Native,Deaths from VOC to Native,Deaths from NH3 to Asian,Deaths from NOX to Asian,Deaths from PM25-PRI to Asian,Deaths from SO2 to Asian,Deaths from VOC to Asian,Deaths from NH3 to Other,Deaths from NOX to Other,Deaths from PM25-PRI to Other,Deaths from SO2 to Other,Deaths from VOC to Other,Deaths from NH3 to Latino,Deaths from NOX to Latino,Deaths from PM25-PRI to Latino,Deaths from SO2 to Latino,Deaths from VOC to Latino,Deaths from NH3 to Poverty,Deaths from NOX to Poverty,Deaths from PM25-PRI to Poverty,Deaths from SO2 to Poverty,Deaths from VOC to Poverty,Deaths from NH3 to TwoXPov,Deaths from NOX to TwoXPov,Deaths from PM25-PRI to TwoXPov,Deaths from SO2 to TwoXPov,Deaths from VOC to TwoXPov
2801500262,"""Miscellaneous Area Sources;Agriculture Production - Crops;Agricultural Field Burning - whole field set on fire;Field Crop is Wheat: Backfire Burning""",0.0845576259552713,0.026321655000138104,0.5575651756098915,0.012940508282942206,0.015034638797814835,0.04852262131178582,0.01628507590726043,0.3210794149280059,0.007342574882499614,0.009195109506987374,0.022469010967005733,0.006847469490718248,0.15313115877080735,0.0031623160182948926,0.0043548173722902875,0.0003599710596573801,0.00015303187364710082,0.0025131194541583987,5.659564494521452e-05,7.573742904818424e-05,0.0016609424471668351,0.0003863175482737057,0.010503309257121313,0.00029150198380068507,0.00018799534871888994,0.0012268767653369772,0.00039119560546338873,0.008081396175516823,0.00019075877613071375,0.00021058594853209898,0.010318203439706151,0.0022585646578068205,0.062256778404880135,0.0018967609682537484,0.0010103932877643248,0.015694873707369682,0.004910199216428028,0.10468612779331846,0.0023398960682617918,0.0028896803841376934,0.04792149871629105,0.014602860700058241,0.31191653071867925,0.007464093125815811,0.00813416894314477
2801500350,"""Miscellaneous Area Sources;Agriculture Production - Crops;Agricultural Field Burning - whole field set on fire;Orchard Crop is Cherry""",0.0007634201950474982,0.02711349389963775,0.7028264063478903,0.13442147976897784,0.01463225085653278,0.0005824508979514667,0.020988770457886385,0.5212571610674295,0.10019809630762765,0.01108077903815395,6.46196174873141e-05,0.0007351401154063651,0.018780088517610836,0.007780797012727834,0.0003405173169735586,7.078348417842663e-06,0.00035738327095252936,0.007866616082702518,0.0015583410289477398,0.00020287046155738835,1.9854733796153567e-05,0.000641889434047307,0.023939356162392483,0.00549764274872204,0.0003542494000012749,1.5055234146560128e-05,0.0006932894259184127,0.02199660169997899,0.0039289260004811465,0.0003988971599066421,7.436136359005435e-05,0.0036970211549720196,0.10898658153009638,0.015457676580425316,0.0022549374453435843,0.00010632763975745762,0.0038901396942072667,0.10399018498600314,0.01851095158697945,0.0021901103976422016,0.0004948964416527436,0.017257300531103234,0.44759804386914653,0.08893880819027643,0.009137653075843017
2285002008,"""Mobile Sources;Railroad Equipment;Diesel;Line Haul Locomotives: Passenger Trains (Amtrak)""",0.0005457633836820934,11.268846359567679,3.8936507854741453,0.03268588165162408,0.33829007785418874,0.0004032884738695008,4.584319654642004,1.37661634319415,0.020169373660316254,0.12758494322503713,4.175466567852527e-05,1.1444120669033628,0.40090542524791833,0.008212635281060818,0.03371034235005196,1.505052171053698e-06,0.05637067513252615,0.0134488961195689,0.0002601973977534244,0.0013684856123020008,1.9628061611860876e-05,1.4100253853241167,0.5858820434171246,0.0007995591205766762,0.04962308021966398,1.2667797305032046e-05,0.3508608140080535,0.12097502622773362,0.0007365418303898018,0.010729909376531416,6.691933331478185e-05,3.7228577662583913,1.3958230504887543,0.002507574398516781,0.11527331699361817,5.602291218633164e-05,1.8424941392425616,0.63306264108196,0.004695407875522106,0.054111223706901336,0.0003988518708808825,6.91831931316411,2.3990081697924754,0.021162655759414287,0.21008265699747586
2801500450,"""Miscellaneous Area Sources;Agriculture Production - Crops;Agricultural Field Burning - whole field set on fire;Orchard Crop is Filbert (Hazelnut)""",0,0.028831695405741525,1.045853546024362,0.1464757272332966,0.01672097146433894,0,0.02199180582011847,0.7827378855509007,0.1087641459168603,0.012648885303180875,0,0.0005589117363567035,0.023466881510186936,0.005737095414746942,0.0003239095728512526,0,0.00028699944999125733,0.008281413284509508,0.0015625504761890003,0.0001575230302102275,0,0.0009794934254087708,0.04777345807206761,0.007290590929631171,0.0006151575671253713,0,0.0009245405499307865,0.037845390010772376,0.005279071397103957,0.0005655919542002494,0,0.004089944364167174,0.14574851532239605,0.01784227290996204,0.0024099040031789745,0,0.004077201045940254,0.1473021091751218,0.02029736424481962,0.002392691415557452,0,0.018730515230818586,0.6890754177141266,0.09734491354398142,0.010839042714536973
2280004000,"""Mobile Sources;Marine Vessels""",0,0.004686330870861032,0.00825650293859806,0.00017285084805218005,0.008063419750215847,0,0.003380936734530113,0.005599906303039511,0.00012422331005203582,0.005624928748789676,0,0.00021991438770831265,0.0004805835250532056,9.003787913107222e-06,0.0004234820526849268,0,5.02864095438208e-05,6.185902615502635e-05,1.8992571491856866e-06,6.735429351501457e-05,0,0.00043019467469700693,0.001000973171134637,1.5198139778097944e-05,0.0008838821346671441,0,0.0002125851024443439,0.00042104638499390764,7.260615448684218e-06,0.0004027212199304021,0,0.0003924135672144409,0.0006921345188327191,1.526573816094531e-05,0.000661051296291566,0,0.0005525308886815021,0.0009874129834696026,2.0638977437334516e-05,0.0009412889153321144,0,0.0033503965529925843,0.005984349502806622,0.00012296916697951022,0.005853904418590808
2801500170,"""Miscellaneous Area Sources;Agriculture Production - Crops;Agricultural Field Burning - whole field set on fire;Field Crop is Grasses: Burning Techniques Not Important""",0.3513048644142676,0.46776797615763316,4.898360643756818,0.5247126497088762,0.15246404047816142,0.20293299688415173,0.30000091699446046,2.877793620667183,0.2925723662613523,0.09721526024874036,0.0739936585709226,0.09827233461428621,1.0385813881285382,0.1089939341461799,0.03347157837325084,0.0017596772738945564,0.0033313253286927913,0.02509245610448277,0.0026913232767659598,0.0009293556305381406,0.010615793375728742,0.008110069658926041,0.14968997103390755,0.014091647008425747,0.003075042585618477,0.0055325092273689,0.007662447769818025,0.07800896597803496,0.008194857891154858,0.002328015669347735,0.056470228732926814,0.05039088110560024,0.7291942374726182,0.09816852038793536,0.015444787877127827,0.05950346828874778,0.08131298107660438,0.8182918316729856,0.09157358502010744,0.02566416204335923,0.21102350843800907,0.2732007218905988,2.966058758719016,0.3084215450851045,0.09137115297926293
2801500410,"""Miscellaneous Area Sources;Agriculture Production - Crops;Agricultural Field Burning - whole field set on fire;Orchard Crop is Peach""",0.0017675148722452328,0.011987456612390146,0.2527493707538204,0.029004263192466337,0.004467889346228243,0.0013479970649271198,0.009447674404381759,0.19181085159967223,0.02167404431868755,0.0034587275722938638,0.00014985260461232558,0.00033017955542020196,0.006124314341420053,0.0011770028938763112,9.241866753359395e-05,1.6460295343738532e-05,0.00011185097989535252,0.001954350825426197,0.0003174608624295849,4.1157843777365726e-05,4.5857739171827857e-05,0.0002873890093217613,0.010531622619966593,0.0013840637337880996,0.00014363409035218403,3.484510017002493e-05,0.0002995670400917804,0.008518218751425879,0.0010235821055118526,0.00013933264760927948,0.00017250206880509923,0.001510795615700147,0.03381001237276879,0.003428109250587908,0.0005926185222124203,0.0002459845058403197,0.0017433768132267197,0.03649322153593523,0.004052272620648368,0.0006561274961139261,0.0011457600712350194,0.007555973979298631,0.16353233445698248,0.01916682813834408,0.002838698264083374
2801500440,"""Miscellaneous Area Sources;Agriculture Production - Crops;Agricultural Field Burning - whole field set on fire;Orchard Crop is Walnut""",0,0.0011822884456530913,0.048100661326260646,0.006495457276143826,0.0007184509220327671,0,0.0008833671052980562,0.03533110578957061,0.004788099823182748,0.0005307288970586856,0,2.4930055731280675e-05,0.0011836891888490192,0.00025398538112178965,1.5367196402531713e-05,0,1.0619676746108892e-05,0.000334898144716674,6.725871384438508e-05,5.919513864662479e-06,0,5.1028591707721096e-05,0.0027394032415990043,0.00035841871874057855,3.44369053463235e-05,0,3.9601234091992585e-05,0.001812814339835095,0.00024934773515830605,2.539198358513535e-05,0,0.00017274177872210873,0.006698750476239799,0.0007783468947892253,0.00010660642357745936,0,0.00015639123973508522,0.006303109647561268,0.0008788827643034614,9.507561948193254e-05,0,0.0007906621703603367,0.03270622033989438,0.004368197741323334,0.0004819038203516375
2801500330,"""Miscellaneous Area Sources;Agriculture Production - Crops;Agricultural Field Burning - whole field set on fire;Orchard Crop is Apricot""",0.00015823326812998612,0.0004236625196655507,0.0027807979961456328,1.4182488331631014e-05,8.893281752160482e-05,0.00012028603101170261,0.0003440206303029072,0.0021669783182499693,1.0676952937924678e-05,7.12145271942879e-05,1.4410582292377028e-05,1.7231594158972627e-05,0.00011046253607283303,1.501200115986836e-06,2.8193110825508344e-06,1.5339198901926811e-06,3.9644662970331604e-06,2.1152048727017142e-05,1.0367281101336435e-07,9.042164123441109e-07,4.206628939087601e-06,6.5616708101623694e-06,4.853210588189019e-05,4.1302991506879617e-07,1.2465637158074217e-06,3.078108586422422e-06,7.749783762331679e-06,5.713795378055179e-05,2.664889539555692e-07,1.7594446415833602e-06,1.4717997497690751e-05,4.413437456768697e-05,0.000376535036158574,1.221143602285343e-06,1.0988754564806099e-05,2.1797883145554552e-05,5.971301601374116e-05,0.000415667504654449,1.9194298445433903e-06,1.3076688326884233e-05,0.0001032343602601904,0.00026668915211317375,0.0017149363839686956,9.372497177331273e-06,5.474037062110465e-05
2285002007,"""Mobile Sources;Railroad Equipment;Diesel;Line Haul Locomotives: Class II / III Operations""",0.08918700949551144,73.72003871954607,16.243014905964756,1.152213258700262,1.006298347012267,0.06097529392166808,53.45460013365145,10.192897360227887,0.7900442691629123,0.6929752394781743,0.01288592274982905,9.292208496282525,2.696282932376386,0.1696313308708774,0.1431135450284211,0.00030504398437808833,0.37979108759667446,0.059108425290084865,0.004417869301956167,0.004883769720383053,0.0036392766178782675,2.2793213334884466,0.7800426881867397,0.04437272920089035,0.03368373983223864,0.0017798978544354583,1.50056278542407,0.3521524469758743,0.02298436653717632,0.021075240729633262,0.009601574387240606,6.813554890904783,2.1625310559459754,0.12076269388677667,0.1105668121853448,0.012387980406026568,11.044157697361106,2.563101958321796,0.16166108538914006,0.1578136915450513,0.05925334296377531,46.93030393142718,10.307816514126962,0.7608205990166469,0.6304676032023825
2801500320,"""Miscellaneous Area Sources;Agriculture Production - Crops;Agricultural Field Burning - whole field set on fire;Orchard Crop is Apple""",0.007518358024137894,0.04706622334600761,0.7578260589887004,0.10616603378876903,0.015697168828247524,0.005730057358661076,0.037170356960535715,0.5701441512132085,0.07965003236182908,0.012011467562263945,0.0006448765128876775,0.001447051545480555,0.020400330083019114,0.006107435466860692,0.0003624905458892056,7.08384083725407e-05,0.00046577101783595696,0.00639521416743575,0.0011639331142934057,0.00015829189421158333,0.00019693880595071596,0.0009882694268756806,0.028074237162547578,0.004592806969496208,0.00041947801054576547,0.00014787078551986303,0.0010736672746192533,0.023664909516907764,0.0032282233883271657,0.0004314392135900204,0.0007277761569004117,0.005921107146523423,0.10914721700146061,0.01142360241415735,0.0023140016322693133,0.00104805576303664,0.006869295842064289,0.11069334649009763,0.014538812779095644,0.00232760099794614,0.0048757554025632656,0.029562046637472344,0.4854862264789207,0.07056630244267198,0.009846450525281757
2280003100,"""Mobile Sources;Marine Vessels""",0.4287638686371174,104.15254219415414,141.75936151010973,130.6878625724955,3.187395953598646,0.19065463390543042,44.847782119501844,61.14777481320334,65.55367500232698,1.3451510388644332,0.06639954914599985,16.923217340460074,27.71285674950805,21.218296527640675,0.6118572149860829,0.001257555090979314,0.3613171659142882,0.39583904753481863,0.44003820422557177,0.009397712550698871,0.03585732719404807,8.323673629449234,9.582609324655392,7.892739790552307,0.2106021635417143,0.00945554490158178,2.313160180342862,3.130521542214439,2.4598046597584795,0.06668901400841402,0.12513925868285922,31.38339178729444,39.78975998219435,33.12330830744067,0.9436988082264417,0.06499314713773043,17.875144169753014,24.92205943598719,20.484710535948302,0.5737539933038233,0.2716802967821814,62.955950200303604,85.3046834849583,81.62211594418554,1.890536023481449
2801500250,"""Miscellaneous Area Sources;Agriculture Production - Crops;Agricultural Field Burning - whole field set on fire;Field Crop is Sugar Cane: Burning Techniques Not Significant""",8.164761630608757,2.662967074073663,38.2205427326954,1.1359134385140235,2.6306825217506584,4.64515249215546,1.6347428140300324,22.09026206660052,0.616362078040834,1.6293440530189616,1.9247363184064552,0.6476777096649864,9.507001051211583,0.24304772602924615,0.6901532411259811,0.03727196797466443,0.013955264945969966,0.17583275318015273,0.004785117697501196,0.014133810663921735,0.193295626632187,0.04967506165751319,0.8478677268242748,0.03138674550480134,0.04396015826829211,0.1219389263202091,0.04070769357921466,0.5727936293455778,0.016835290120047704,0.03989345839914833,1.242366284139091,0.27620852226216397,5.026785412946035,0.2234964794611524,0.21319779267835237,1.4502755479183327,0.46383893408165994,6.762273547941477,0.1991717826325577,0.4663225985470588,4.80620383944999,1.5732309146368,22.560944202449225,0.6701621597454674,1.5513370477896087
2801500100,"""Miscellaneous Area Sources;Agriculture Production - Crops;Agricultural Field Burning - whole field set on fire;Field Crops Unspecified""",0.059753631401813855,9.169010563774195,109.26345373182531,8.842490322344176,3.4886072130597663,0.034290301990299143,7.524345798762705,83.28792250020025,6.633470587832243,2.8448447869096274,0.012722421212977689,0.6730535833906119,11.88308448324745,1.1134120926324913,0.24712262815284108,0.0002520750493498632,0.05250741560044235,0.555074022308218,0.03425316144860784,0.02320265446310159,0.002103218710263717,0.158945999989582,2.6365549495348604,0.23005490837698053,0.05717085179650983,0.0009448309101445502,0.17591919649045065,2.2498768502002577,0.17438694781052588,0.07071642686230419,0.009440783474150146,0.5842385811874267,8.65094103330584,0.6569126323438218,0.24554987112855442,0.010073266952212058,1.2311673463285882,15.308489538823412,1.251686247920612,0.4719533046229408,0.03603476229447505,5.920529900539591,70.67932161177295,5.745859226380386,2.2311328870319476
2801500600,"""Miscellaneous Area Sources;Agriculture Production - Crops;Agricultural Field Burning - whole field set on fire;Forest Residues Unspecified (see also 28-10-015-000)""",0.15122239958576422,0.0074178781095560805,3.2815786447800246,4.886304370606635e-06,0.08451871100397444,0.08018864225321422,0.005233752477333948,1.8240185597447098,3.649429648048702e-06,0.05456416154125361,0.023348995865874127,0.0012806146481683205,0.49105549157227696,2.6021282804747314e-07,0.010093494408369376,0.00020257680544767548,2.839166964566674e-05,0.004759855060631919,6.976517125621251e-08,0.00012929287972044846,0.014003826515732634,0.00011924956764471285,0.2811495127603917,2.3428730505057465e-07,0.005861758347500277,0.0029156487549059805,0.00016718031177690996,0.06331709629447253,1.5940587426837983e-07,0.001568276141447437,0.030562709525222206,0.0005886894598889441,0.6172781325144848,5.13203558744274e-07,0.01230172775592443,0.01908811602239378,0.0009302552503795931,0.3948366249725424,6.382556828810162e-07,0.008406224421867997,0.10674066839972988,0.004978989348214444,2.3431461892192025,3.30713340944955e-06,0.06295961106857648
2285002006,"""Mobile Sources;Railroad Equipment;Diesel;Line Haul Locomotives: Class I Operations""",1.9886185696527834,1292.1460402289504,342.27020434051315,28.660477292446483,23.793901425637163,1.3626876866360307,924.2961763829379,204.0486911963539,19.796841824825748,14.922683688202406,0.3145048184579258,161.16805571848468,55.351316822009686,4.471376018416917,3.313714982966278,0.008484847559924008,7.590043639261996,1.5138691547702503,0.12503803831170446,0.1468023424294565,0.06544468787975816,34.44650658862677,14.718477821004834,0.9299814310038937,0.8219425506372396,0.038756199872177655,25.49059995239125,7.03496465956913,0.5592328185928265,0.4815109941416349,0.19874033021345852,139.1546581139812,59.60288476424169,2.778007174842128,4.107246865007358,0.2920133826639463,200.2372265213266,57.97325196005611,4.192461210995326,4.0545043898681215,1.2855213896354503,804.3195415756255,207.7335432810214,18.51793051373658,14.199623950203662
2280002100,"""Mobile Sources;Marine Vessels""",0.19360713588332706,105.46062667464916,84.61783247537547,3.6029782213345687,2.368156180139407,0.08878341955728172,54.327105347950834,38.56639783660764,1.6377659102133861,1.0425967530803844,0.03503403568982239,20.78813037065808,17.45054306467024,0.47991687007989375,0.4304690238250661,0.0005538559638439742,0.39311924342173665,0.26136181677774134,0.011190083280028976,0.007769548706664315,0.01724076556053015,8.448131513212308,7.508183095903834,0.36501248531789343,0.21388449214717833,0.0047085943313869725,2.769617883017147,2.2590357105548318,0.08609002661619318,0.06552447117464011,0.047286465053721465,18.734522638630672,18.57231124513245,1.023002848058084,0.6079118951031948,0.030228185491475285,18.112887874233827,15.264894856237934,0.540984456991745,0.4282780248145534,0.12358154236089386,65.31012385551269,51.634131929816654,2.3037119177321252,1.4205427097947614
2801500181,"""Miscellaneous Area Sources;Agriculture Production - Crops;Agricultural Field Burning - whole field set on fire;Field Crop is Hay (wild): Headfire Burning""",0.0966053943150304,0.0572134495166982,1.360659436410463,0.018941579970638386,0.036245723513532176,0.0654805115817934,0.04378927767749842,0.9164011671392307,0.013084006625713913,0.026088207760474574,0.017123431041018034,0.00676760051951934,0.2544844282299593,0.003016482420459209,0.0059597226927466575,0.0008015996021357037,0.0006113655588927267,0.011947205888650829,0.00012436470830531855,0.00043475265854572593,0.0021942394734844723,0.0009039633421570035,0.02656368291549678,0.000481270089093846,0.0005127018973707783,0.0016774625361612142,0.0009665824047094969,0.023205203254369373,0.00033536222693501203,0.0005985620958489854,0.009328150050363491,0.004174660039230383,0.12805774916507529,0.0019000938931668819,0.0026517764466885713,0.015292417977957905,0.00849725590733374,0.2220141935787522,0.002894535853711504,0.005784823840737605,0.059803387772712005,0.035653271312939265,0.8262829997175484,0.01191878945620418,0.02196236701205666
2801500000,"""Miscellaneous Area Sources;Agriculture Production - Crops;Agricultural Field Burning - whole field set on fire;Total""",1.737499301833989,32.506039085949055,414.94412854947893,34.01267109622204,15.849832477875273,0.816641845181648,23.545327931548947,274.2875312156793,23.537451702175456,10.681262171379036,0.10303491908366338,4.520091247694491,70.15162260873083,6.090634265692863,2.751304469322271,0.010579738688890852,0.28630564255389535,2.808951034534408,0.16817547114578654,0.1370648188984295,0.15446351753476958,0.6487283970500846,12.032048042027721,0.8272397191325532,0.3104298807974312,0.05339831952602358,0.5765197446237775,7.999641819527003,0.6110134342565849,0.278835278625582,0.5993809621723684,2.9290660752524458,47.664333418520144,2.778156491603642,1.690935833011811,0.27497574986314804,5.243899955458727,67.5508191261351,5.4379909285060775,2.714747659999072,1.074457691141065,19.682848134624965,253.8471016864637,21.024535684402437,9.348086549503664
2801500220,"""Miscellaneous Area Sources;Agriculture Production - Crops;Agricultural Field Burning - whole field set on fire;Field Crop is Rice: Burning Techniques Not Significant""",0.5043226826660888,0.1956628504791729,2.3394472973004174,0.21339328462260929,0.06838369661542872,0.2866241792025523,0.12193378964200469,1.345983782430766,0.11758729557391599,0.04254902896876729,0.11653669357540754,0.04531425867620866,0.5538180210027965,0.046538736629156835,0.01703034133208932,0.0020562268278596957,0.0010725756559720652,0.009662679996352667,0.0009124912914876725,0.00028593113824934953,0.011853640234889896,0.0032759233367487535,0.05213863195172901,0.0057035666928325676,0.0010254274452740682,0.007465183436887142,0.0030518896406781736,0.03490624184593555,0.003172943878973371,0.001021183251081877,0.07978675894805042,0.02101441325055378,0.3429379373558678,0.03947825030840963,0.006471784417973279,0.09051445980704917,0.035363797275614006,0.4225532657480018,0.037735612605136186,0.012530363653859565,0.29128245359023525,0.1113856890683017,1.3452697807457354,0.124483202955729,0.038645381400000206
2801500420,"""Miscellaneous Area Sources;Agriculture Production - Crops;Agricultural Field Burning - whole field set on fire;Orchard Crop is Pear""",0.00044755368817024405,0.026173883463348722,0.778008210231445,0.10477768242795225,0.02125513390479638,0.00034182914115662614,0.021253055064894326,0.6223125024144279,0.08117550270547007,0.017241954053869198,3.830470309714592e-05,0.0005104183060429361,0.011697322507214072,0.005088747267243645,0.0002772733548519995,4.380628390389654e-06,0.00026810750387295867,0.006477209362167976,0.001197886039654752,0.00018608613088024845,1.1710655606907828e-05,0.00041632680164517267,0.014244601101642431,0.0031786336318214473,0.0002939275764718715,8.818995177550504e-06,0.0007793260670843468,0.026268071559050584,0.0029134076046038663,0.0006976390429121888,4.250956493764199e-05,0.002946649802544587,0.09700850740759864,0.011223505329251097,0.002558253878920224,6.206777731173765e-05,0.0039319977814650416,0.1229697775256625,0.015396836745220875,0.003359202271917913,0.0002907495465097336,0.016094678230477787,0.46990159558791095,0.06666219584037611,0.012757218325531365
2801500141,"""Miscellaneous Area Sources;Agriculture Production - Crops;Agricultural Field Burning - whole field set on fire;Field Crop is Bean (red): Headfire Burning""",0.0010846817206132092,0.000922132187727717,0.010369487751678463,3.199265646211753e-05,0.0005255811067012,0.000816959798420544,0.0007410071843425377,0.007901450800859732,2.401957135385271e-05,0.0004132808215922413,0.00010585431245261258,4.1008121978459754e-05,0.0006109812329774583,3.495620950801835e-06,2.0106147921981688e-05,1.0847157186333248e-05,8.72693100833133e-06,9.491181412955087e-05,2.1187591720249464e-07,6.251572872909974e-06,2.8665883542415474e-05,1.371356368892312e-05,0.00019877290131012248,9.066962328053368e-07,6.9733699046999754e-06,2.047258914835418e-05,1.518751050561746e-05,0.00018466833996428898,5.963143316156521e-07,8.905691755709648e-06,0.00010188198103924929,0.0001024888784694403,0.0013787026955756941,2.7625776887643104e-06,7.006350465037963e-05,0.00014840370542253177,0.0001283452375438939,0.0015118132656569258,4.3523309457831274e-06,7.63433396871363e-05,0.0007083660695696906,0.0005753113714112248,0.006386511977050692,2.1083570262598862e-05,0.00031845035502163916
2801500300,"""Miscellaneous Area Sources;Agriculture Production - Crops;Agricultural Field Burning - whole field set on fire;Orchard Crop Unspecified""",0.2293420585921877,0.05492771334222793,2.113526491512578,0.0018673234547182656,0.0769427373589406,0.1371997340125934,0.040601983185620326,1.317499453664834,0.0014099905619065936,0.05231176669632074,0.03064661926599487,0.0016213640768672,0.2484905898570433,0.00014153638150056285,0.007517381229069803,0.0002891809438648929,0.0008315607465245728,0.005996555354618362,2.2772937704183922e-05,0.00023071215532616108,0.01861348746189615,0.0009731768670712801,0.15057987962091596,6.637942189484891e-05,0.004614466160109213,0.004221241310063284,0.001029824221250998,0.04075184569618614,4.4012903259346284e-05,0.0014439936440282855,0.03837179580531342,0.009869804313285033,0.3502081687654737,0.00018263124824208755,0.010824417502271607,0.02589138740478889,0.008054991726769467,0.2355871673675305,0.0002525269749761204,0.007570118092253436,0.16613745939304894,0.034867435505476385,1.527122981027625,0.0012415795358942227,0.05701115237677352
2801500500,"""Miscellaneous Area Sources;Agriculture Production - Crops;Agricultural Field Burning - whole field set on fire;Vine Crop Unspecified""",0.0019414806819862609,0.1305786850893404,4.321335340567197,0.6619118125189407,0.07662580143985222,0.0014813221979950724,0.10053264300443379,3.249438351619233,0.49426819352565576,0.05858650089750019,0.00016348142079720116,0.002698372515021226,0.09540173609867035,0.02743647710537689,0.0014426913154030171,1.7865120342624194e-05,0.0013304161909896207,0.03533767700708262,0.007057718149536993,0.0007371721652875594,5.033242066099328e-05,0.003942422467301444,0.18158085577613498,0.03173305671817983,0.002417773680290974,3.8325457571204596e-05,0.004025920162741381,0.15357568173922578,0.023183870976363936,0.002505587646786421,0.00019015406547391453,0.01804891067543632,0.6060010349016814,0.07823249543693511,0.010936075757076781,0.00027053245403941834,0.01863435493238631,0.6165710378414735,0.09204300278712038,0.011162340631263062,0.001257922806519379,0.08392912123408677,2.8154314074149007,0.4383457773616409,0.04885842203471506
2280003200,"""Mobile Sources;Marine Vessels""",0.14542387671651696,56.78739199031525,82.79870223474603,93.53705736057495,1.6263823999632523,0.07453040405908475,33.60534608857103,39.639145531198146,54.3055348867687,0.8281325720504423,0.022465478352832736,8.601961823774161,13.850184617255415,14.029181345215541,0.26064687653942853,0.0003426226884979345,0.1989438546522913,0.16906677828351369,0.28744845682977826,0.003913490320688026,0.005881949653230331,2.9554460853165296,4.176433996023925,3.5508941577551028,0.0648762261063594,0.002505386935176291,1.0908973522651957,1.4334159698851856,1.7448100591751006,0.027035926778721697,0.03969803499587546,10.33479679122226,23.53045530135535,19.619188419830195,0.44177730772933305,0.020801996740909278,8.298255265929328,13.369895169137859,13.156576107260852,0.2616442011553867,0.09478937697032165,37.08397168686477,52.10290141183309,61.21766306303975,1.0193783977106792
2801500150,"""Miscellaneous Area Sources;Agriculture Production - Crops;Agricultural Field Burning - whole field set on fire;Field Crop is Corn: Burning Techniques Not Important""",0.07978165749126179,0.05321008845854409,1.0980845790300005,0.0194466754058469,0.03270852745116022,0.04734250941045244,0.033424165364519275,0.6489836251135873,0.011739290987173951,0.019418205767384365,0.023683722219117805,0.015067900419853238,0.3359187971566715,0.00535038343222006,0.01078751571711724,0.0003979204861018772,0.00035070242751528326,0.005746911679130969,0.00010965401629434469,0.00016031725031579328,0.0011427471678402644,0.0005590510577450815,0.014814546426531456,0.00030291059321973677,0.0003202505881923632,0.001140035216945686,0.0007680909584013881,0.015422933041567284,0.00029557622669159234,0.0004088109328768982,0.0060747227290561725,0.0030401780172914033,0.07719776130328607,0.001648860108398665,0.0016134270007057228,0.015443519257299147,0.010486507466897317,0.21386913379399927,0.0036808178520077264,0.00665122709761134,0.0445172084816362,0.029215468365536516,0.6117633912429018,0.010975194202068382,0.017717007938415952
2801500430,"""Miscellaneous Area Sources;Agriculture Production - Crops;Agricultural Field Burning - whole field set on fire;Orchard Crop is Prune""",0.0005295001873281556,0.013673414757937288,0.4416379403682675,0.06341253258789543,0.0074943593042875005,0.0004039457325980476,0.01040670898497161,0.3266490989047194,0.04705434791499156,0.005611600623243393,4.489953026958988e-05,0.0003072118794062813,0.010344922630660495,0.0026512391246308826,0.00015434230953081387,4.991445647254249e-06,0.0001344608284358553,0.003463208681006302,0.0006652313957430175,6.955462746454411e-05,1.386504654871976e-05,0.0004546572210336692,0.021301990472201954,0.0032169122373124697,0.0002821086020052731,1.043533014440251e-05,0.00042094512520017845,0.016139607535342,0.002293819260011045,0.0002497024696136331,5.136310246765885e-05,0.0019494307083904156,0.06373911150128485,0.007530982581113152,0.001127050667932075,7.41400445234225e-05,0.001924486171499734,0.06120752492461319,0.008698451887195516,0.001060529570941982,0.00034294362216052244,0.008871049556632532,0.29274118431712653,0.042313369501631955,0.00486770440250983
2285002010,"""Mobile Sources;Railroad Equipment;Diesel;Yard Locomotives""",0.003397042421611477,14.594474127103455,5.404038097493419,0.07958906908923889,0.5810730610894403,0.001731917781771415,5.508248925388975,1.5073895188260333,0.042762942731419375,0.18377864661298537,0.0004144068326318478,1.401917810777557,0.5065706529669,0.010864171069862457,0.05880755161841799,2.4511398575278115e-05,0.07863199204666294,0.015963776556982855,0.0006751642018673632,0.0020942005347078596,0.00015155927668956604,1.1406826174556417,0.5496042246690916,0.0037267804320231285,0.048314877312120974,7.126563666647535e-05,0.3130904686600423,0.1023520509844191,0.001723082205775422,0.011390854409830484,0.0010033814949647179,6.1519023045468355,2.7221578716702486,0.019836928393929656,0.27668693021900453,0.0005328656658639113,2.7358451785271125,1.056471997792999,0.012666109974279145,0.11407287025168127,0.0021205033390058236,8.15978313609932,2.938500464900171,0.048992789441008495,0.3164652292918089
2280002200,"""Mobile Sources;Marine Vessels""",0.8536059305340863,272.8562306854291,154.4253446352731,13.175698458339992,4.314598649175278,0.4707647446796185,157.90089564087123,71.99068564390349,7.995853203071441,2.203110759135572,0.16795626020864576,44.24465827159521,28.240637408897875,2.1412317064999042,0.6420903666390383,0.0028820221741396603,1.058280927871058,0.406089610973699,0.04249317192275691,0.01598494514343067,0.05325468960472302,19.161898911984807,15.969125413185312,0.6623655062180549,0.4743161126705217,0.017244564466844404,5.685540113067719,3.4954800398455217,0.26017773461643684,0.10900999915401892,0.14150364998416065,44.804957064269104,34.323326773943954,2.073577139938028,0.8700864675666076,0.13421657206509738,45.07334677250935,26.969104552750853,1.9991737665482163,0.6913376118211931,0.5443170782738134,169.54533850862308,95.42159644618994,8.436933014051677,2.734144961528545
2801500261,"""Miscellaneous Area Sources;Agriculture Production - Crops;Agricultural Field Burning - whole field set on fire;Field Crop is Wheat: Headfire Burning""",1.735512560805808,0.7897064034671065,17.63703804138048,0.30248123742144634,0.5236763409971389,1.0453973268356553,0.5178565912194589,10.54522419120076,0.18731084615629434,0.3272618819576274,0.4717602106192991,0.1924733364269346,5.005907291508583,0.07257666093741964,0.1502929326641551,0.008507686222458111,0.0051212661143348335,0.08349156867752258,0.0015760040844674272,0.0027779909078262375,0.030153726575558697,0.010085075070185925,0.27787529685611606,0.006141897316868428,0.005938309855618865,0.02504504499688558,0.011480117285213374,0.24752349812716914,0.004627800146132455,0.0070294926747174295,0.154648561788359,0.05269001549006768,1.4770161469243697,0.03024802836070551,0.030375731355523284,0.32425642627129525,0.14551310392035297,3.3588432369159804,0.05371962857305719,0.10062909062478503,0.9891832419767286,0.44829853771352585,9.926821554615115,0.17724753531200677,0.2911369953183617
2801500390,"""Miscellaneous Area Sources;Agriculture Production - Crops;Agricultural Field Burning - whole field set on fire;Orchard Crop is Nectarine""",4.337432743853831e-05,0.00016610711097813199,0.0007015899559144892,5.962295413206893e-06,1.6977922901310353e-05,3.301868487856588e-05,0.0001351447743606429,0.0005454616006992224,4.490987036617026e-06,1.3599210624247648e-05,3.9511076775621495e-06,6.994642141583689e-06,2.95900207072673e-05,6.28124360914724e-07,5.652355203431964e-07,4.383714139919469e-07,1.6716221475435643e-06,5.848013783893026e-06,4.5150353859624946e-08,1.910688371166012e-07,1.1624578988805194e-06,2.6283094345994304e-06,1.2667134309070319e-05,1.7514387434997127e-07,2.4326458686473264e-07,8.454382634410565e-07,3.031899945845113e-06,1.44177061333392e-05,1.1222546928660527e-07,3.360597717006046e-07,3.958267332362642e-06,1.663586299615348e-05,9.360548090445003e-05,5.106643201368934e-07,2.043083573623418e-06,5.966475867499421e-06,2.3306383862606408e-05,0.00010488066780598827,8.057528108025046e-07,2.495638108027476e-06,2.83360383958317e-05,0.00010491228328105835,0.0004334706203086316,3.9442542140065304e-06,1.0465932591685995e-05
2285002009,"""Mobile Sources;Railroad Equipment;Diesel;Line Haul Locomotives: Commuter Lines""",0.014467314382780223,27.300427828097305,16.713507344891802,0.47923851547785257,0.736493787342745,0.010818537626536617,12.265760103688201,7.343789425943579,0.3653252209775567,0.3333279671693256,0.0011197316632666208,3.7276135196439544,2.3065507485604613,0.034935328962881186,0.09312880035073588,1.952670023741822e-05,0.04725407083748785,0.026225421911104205,0.0008303311069236993,0.0012868527794699502,0.0008214563607813533,2.8796567727875013,1.851885354599134,0.024375943920123863,0.07693113354578031,0.0003619705368665971,0.6138656432841157,0.3799369417845827,0.012305967876056157,0.01655765050777688,0.0013260914760793608,7.766277747121163,4.805119479659324,0.04146572146291836,0.2152613836164507,0.0015265308156043448,4.244711446545752,2.6808698986752644,0.05036810873850977,0.11055239837022125,0.010643048962326462,17.630111899376473,10.676976991619052,0.35233076312904527,0.47948655566884735
